{
  "TotalTime": 39.953,
  "Path": [
    [
      0.0,
      0.0
    ],
    [
      -1.2060452290147476,
      -10.563577237532177
    ],
    [
      -18.857913821558643,
      19.117076856426834
    ],
    [
      21.61661592893795,
      33.20641200598013
    ],
    [
      30.795504877976512,
      13.103214375422795
    ],
    [
      48.79414169455282,
      -4.513013613185665
    ],
    [
      84.14560953799351,
      -29.194743874377544
    ],
    [
      113.73553389585712,
      -60.280192147620596
    ],
    [
      89.09477280747694,
      34.54784639651886
    ],
    [
      69.0596777259426,
      60.5394663245725
    ],
    [
      -80.65039065286021,
      5.783843925063872
    ],
    [
      -102.74510580363582,
      -4.962886447702017
    ],
    [
      -129.24994682784566,
      -26.941035214708876
    ],
    [
      -55.84737660300496,
      -44.22253621295201
    ],
    [
      -18.45847457888245,
      -95.71890377020418
    ],
    [
      4.147861845532188,
      -125.33470508686256
    ],
    [
      -77.506602289547,
      57.06509910824646
    ],
    [
      1.8530602972318997,
      32.27290574484173
    ],
    [
      45.977183498945195,
      -70.79604261225766
    ],
    [
      40.71200777486159,
      -29.730098550800882
    ],
    [
      11.818907715735884,
      -100.6771414457646
    ]
  ]
}